"","eta","max_depth","gamma","colsample_bytree","min_child_weight","subsample","nrounds","Accuracy","Kappa","AccuracySD","KappaSD"
"1",0.05,6,0,0.75,0,0.5,200,0.813640051011744,0.608713862952144,0.0108115385932371,0.0224865519002305
"3",0.05,6,0,0.75,0,1,200,0.810320651338216,0.601049367658354,0.0130533260924238,0.0268292893035845
"5",0.05,6,0,0.75,1,0.5,200,0.812544137256028,0.606249673701848,0.0138394211019304,0.0287577918282735
"7",0.05,6,0,0.75,1,1,200,0.810011730435585,0.600531985506793,0.0120409300298537,0.0251321850542576
"9",0.05,6,0,0.75,2,0.5,200,0.809123473647014,0.598902337806262,0.0135805303234444,0.0276850632668048
"11",0.05,6,0,0.75,2,1,200,0.809019855586975,0.597855053629846,0.0127672363577006,0.0264223440859054
"13",0.05,6,0,1,0,0.5,200,0.82010783753348,0.622796967156305,0.0131201244096886,0.0271152315495113
"15",0.05,6,0,1,0,1,200,0.812476428677217,0.606245034865596,0.013161135688244,0.0275233293517273
"17",0.05,6,0,1,1,0.5,200,0.817712639446851,0.617918605236862,0.0123252878110447,0.0252169139246765
"19",0.05,6,0,1,1,1,200,0.811243517152341,0.603457470013575,0.0125926214695542,0.0261336876162116
"21",0.05,6,0,1,2,0.5,200,0.815077001467175,0.612254175766915,0.0116710591270935,0.0240199877813287
"23",0.05,6,0,1,2,1,200,0.810491029610141,0.601832319740826,0.0130452175905309,0.0268898941515986
"25",0.05,6,0.01,0.75,0,0.5,200,0.813605755944018,0.608785920587198,0.014796901253647,0.0301405847173215
"27",0.05,6,0.01,0.75,0,1,200,0.809156502349624,0.598808845658271,0.0126943582904758,0.0261252186099987
"29",0.05,6,0.01,0.75,1,0.5,200,0.812887317476389,0.606990801286531,0.0124493443496348,0.0256030830647723
"31",0.05,6,0.01,0.75,1,1,200,0.809772378951319,0.60000516847167,0.0127569416115764,0.0265687003038097
"33",0.05,6,0.01,0.75,2,0.5,200,0.812304926246516,0.605923062535125,0.0114401977131688,0.0237336652499477
"35",0.05,6,0.01,0.75,2,1,200,0.808712023165275,0.597478436102705,0.0136534468588502,0.0284496299308662
"37",0.05,6,0.01,1,0,0.5,200,0.817746300249779,0.617936012593463,0.0140319947116801,0.0288653053974348
"39",0.05,6,0.01,1,0,1,200,0.811860482379266,0.604887483788748,0.012787732690559,0.0267125681440295
"41",0.05,6,0.01,1,1,0.5,200,0.817062504970413,0.616384402757794,0.0124891649002872,0.0254342698233015
"43",0.05,6,0.01,1,1,1,200,0.811039162027329,0.602930967303908,0.0132916576167284,0.0273632004341481
"45",0.05,6,0.01,1,2,0.5,200,0.815556440972186,0.613073087707529,0.0133601291286415,0.0276320588853948
"47",0.05,6,0.01,1,2,1,200,0.809328320830485,0.599362460080709,0.0147028087821775,0.0304810196867808
"49",0.05,6,0.1,0.75,0,0.5,200,0.814152800313171,0.609927049315896,0.012767095160905,0.0264849595773003
"51",0.05,6,0.1,0.75,0,1,200,0.811962659797473,0.604446474467802,0.0125657660812082,0.0263190029575658
"53",0.05,6,0.1,0.75,1,0.5,200,0.811791649280932,0.604805015216026,0.0129011076501319,0.0265549196591123
"55",0.05,6,0.1,0.75,1,1,200,0.809874767117732,0.600295219706731,0.0134524217063089,0.0282063957840258
"57",0.05,6,0.1,0.75,2,0.5,200,0.81305808142258,0.607276711764964,0.012658544617131,0.0264143918738501
"59",0.05,6,0.1,0.75,2,1,200,0.809396029842191,0.598807684653191,0.0139204526497282,0.0292814700089747
"61",0.05,6,0.1,1,0,0.5,200,0.817883615079189,0.618448119347549,0.0128810420438888,0.0266484801078022
"63",0.05,6,0.1,1,0,1,200,0.810594190640222,0.602216634421587,0.0129694073766803,0.0269860669197243
"65",0.05,6,0.1,1,1,0.5,200,0.816309279520897,0.614953201044135,0.0128106787215745,0.0261849356093705
"67",0.05,6,0.1,1,1,1,200,0.810320265231054,0.60152909862563,0.0122576883988012,0.0253271920985094
"69",0.05,6,0.1,1,2,0.5,200,0.816171789837575,0.614739464402735,0.0136132465466572,0.0280452341606695
"71",0.05,6,0.1,1,2,1,200,0.80915660743513,0.598812533688867,0.0126216550623878,0.0262821160430193
"217",0.3,6,0,0.75,0,0.5,200,0.814631186365753,0.612710240124193,0.0131518355718386,0.0269543639864741
"219",0.3,6,0,0.75,0,1,200,0.819662234046055,0.623035454686024,0.00989840009168454,0.0202635997980683
"221",0.3,6,0,0.75,1,0.5,200,0.812270667361681,0.607898139539304,0.013381869446813,0.0273773850305156
"223",0.3,6,0,0.75,1,1,200,0.819763674494888,0.623296730288988,0.0114994227241273,0.0233056275376679
"225",0.3,6,0,0.75,2,0.5,200,0.811380936345763,0.60586669512453,0.0116691271284308,0.0236450183348677
"227",0.3,6,0,0.75,2,1,200,0.819115436030804,0.62219718895044,0.0118296570486905,0.0240399526435322
"229",0.3,6,0,1,0,0.5,200,0.818499419603699,0.620694799918115,0.0137403274054852,0.0285820999445562
"231",0.3,6,0,1,0,1,200,0.822878296248305,0.630026324929999,0.0132063899056813,0.027623477846683
"233",0.3,6,0,1,1,0.5,200,0.818123141128769,0.620607248362815,0.0112391697446848,0.0228122657877546
"235",0.3,6,0,1,1,1,200,0.822399346492975,0.629140974932511,0.0132893088231482,0.0270962700509925
"237",0.3,6,0,1,2,0.5,200,0.817677221086141,0.62002965401418,0.0123595887134245,0.0252365889873469
"239",0.3,6,0,1,2,1,200,0.822194500175296,0.628595870998549,0.0127597544770046,0.0265219696040854
"241",0.3,6,0.01,0.75,0,0.5,200,0.814153432413489,0.61176908186799,0.0120086473797758,0.0246543596083289
"243",0.3,6,0.01,0.75,0,1,200,0.819525095946439,0.6225003940961,0.0112104154654396,0.0232929149163056
"245",0.3,6,0.01,0.75,1,0.5,200,0.815488029442412,0.614340315724774,0.0104706729606918,0.0216659887664674
"247",0.3,6,0.01,0.75,1,1,200,0.819662445371455,0.622954217593843,0.0112387261002718,0.0230828988912776
"249",0.3,6,0.01,0.75,2,0.5,200,0.810012501279072,0.603402549181458,0.014697086175643,0.0305860322395902
"251",0.3,6,0.01,0.75,2,1,200,0.818909535322754,0.621665850102161,0.013130288156704,0.0269540899630482
"253",0.3,6,0.01,1,0,0.5,200,0.817301645129279,0.618726469536715,0.0142521466428587,0.0297316872463178
"255",0.3,6,0.01,1,0,1,200,0.823221405978766,0.630425112491873,0.0126599270634697,0.0261376306545873
"257",0.3,6,0.01,1,1,0.5,200,0.818737858471036,0.621566623939158,0.0124153112560611,0.0259081468864877
"259",0.3,6,0.01,1,1,1,200,0.821920609289584,0.62805526240623,0.0148376453094007,0.030496693541214
"261",0.3,6,0.01,1,2,0.5,200,0.815008448669004,0.613458064989903,0.0117335749531491,0.024138818142908
"263",0.3,6,0.01,1,2,1,200,0.822126510358381,0.628319459415548,0.0133153324783028,0.027560652292516
"265",0.3,6,0.1,0.75,0,0.5,200,0.816548209003707,0.616757267452594,0.0141333397034272,0.0290716749409718
"267",0.3,6,0.1,0.75,0,1,200,0.820586751322367,0.625097373617054,0.0126674107341035,0.0258411841478944
"269",0.3,6,0.1,0.75,1,0.5,200,0.812647053086596,0.608410468010184,0.0112790565365173,0.0238627752741218
"271",0.3,6,0.1,0.75,1,1,200,0.820962608300886,0.625598846876212,0.0120842126954848,0.0251662711266191
"273",0.3,6,0.1,0.75,2,0.5,200,0.811791614324579,0.60725305493608,0.0127532417011112,0.0262379772632092
"275",0.3,6,0.1,0.75,2,1,200,0.8201412525597,0.624197118713587,0.0136904305377517,0.0282549896886608
"277",0.3,6,0.1,1,0,0.5,200,0.81822570566423,0.62059362582845,0.0132870806356904,0.0269645137420992
"279",0.3,6,0.1,1,0,1,200,0.821304839649277,0.626244544938536,0.0136248156406848,0.0282949640028819
"281",0.3,6,0.1,1,1,0.5,200,0.816924172438568,0.617616724954185,0.0123384413863823,0.0257715319374614
"283",0.3,6,0.1,1,1,1,200,0.823974349540833,0.632389711950963,0.0139378165006271,0.0288226270775542
"285",0.3,6,0.1,1,2,0.5,200,0.815658723548047,0.615052673185764,0.0121400988053087,0.0254696139132658
"287",0.3,6,0.1,1,2,1,200,0.822948006574319,0.630031591516729,0.0127425518268995,0.0262750714108836
"433",1,6,0,0.75,0,0.5,200,0.791704737759987,0.564803361615744,0.011510129247628,0.024370467309578
"435",1,6,0,0.75,0,1,200,0.816788368091546,0.617450245812228,0.0108534464029376,0.0223486086997923
"437",1,6,0,0.75,1,0.5,200,0.785033015228722,0.551859067242912,0.0116122627855625,0.0238774789124623
"439",1,6,0,0.75,1,1,200,0.81203071981569,0.607681128943693,0.0114599066887548,0.0237635803375275
"441",1,6,0,0.75,2,0.5,200,0.783937559152308,0.549128463510115,0.0168705626931921,0.0349347708698866
"443",1,6,0,0.75,2,1,200,0.809668866048935,0.602764337138601,0.0140659888293388,0.0288311773877619
"445",1,6,0,1,0,0.5,200,0.800602508628745,0.584195927393825,0.010136697521494,0.0205878186983466
"447",1,6,0,1,0,1,200,0.81808877708628,0.619983013240184,0.0141640819906277,0.0291013614688976
"449",1,6,0,1,1,0.5,200,0.788180385384587,0.557764101266562,0.016520192181569,0.0339594295164428
"451",1,6,0,1,1,1,200,0.816070453969203,0.616286550262862,0.015219066776777,0.0319001473227236
"453",1,6,0,1,2,0.5,200,0.785956056978999,0.553369911148689,0.0149312752837525,0.0305779854621455
"455",1,6,0,1,2,1,200,0.811244043301361,0.606012455654489,0.0125021071244375,0.0257487372446374
"457",1,6,0.01,0.75,0,0.5,200,0.794306153398467,0.570720219407166,0.0136066389496374,0.0274910861926576
"459",1,6,0.01,0.75,0,1,200,0.813810076040528,0.610828954250652,0.013568537454477,0.0283748542471013
"461",1,6,0.01,0.75,1,0.5,200,0.788454488245043,0.558544742418743,0.0100790145889659,0.0210505247045109
"463",1,6,0.01,0.75,1,1,200,0.809875785758107,0.60309005304406,0.0110712207861316,0.0232853945723572
"465",1,6,0.01,0.75,2,0.5,200,0.783252992307961,0.54802328659066,0.0119263208792932,0.0252042280481364
"467",1,6,0.01,0.75,2,1,200,0.809876382902072,0.602960005268556,0.0139806400658579,0.029231851592073
"469",1,6,0.01,1,0,0.5,200,0.798857515147708,0.58022561079965,0.0117262141044829,0.0238999036470531
"471",1,6,0.01,1,0,1,200,0.818122684748156,0.620234785981017,0.013090723919184,0.0269356727242351
"473",1,6,0.01,1,1,0.5,200,0.792902371687505,0.56781103345088,0.0142431545293711,0.0301799878095259
"475",1,6,0.01,1,1,1,200,0.817917450880327,0.619967458325731,0.0114285528890524,0.0235381995752617
"477",1,6,0.01,1,2,0.5,200,0.784450731032386,0.550277854640983,0.0150448714334141,0.0309564560796457
"479",1,6,0.01,1,2,1,200,0.811038880644926,0.605924794493518,0.0119194419436987,0.0242134088389931
"481",1,6,0.1,0.75,0,0.5,200,0.79139662330654,0.564039013745042,0.013973564930509,0.0288804116325375
"483",1,6,0.1,0.75,0,1,200,0.808438483718971,0.599574135829052,0.0114476498482024,0.0237255589194201
"485",1,6,0.1,0.75,1,0.5,200,0.783117398492696,0.547465310313941,0.0122669640253071,0.0249931977808259
"487",1,6,0.1,0.75,1,1,200,0.807309225210485,0.597370137362437,0.0130086842237524,0.0273496319128063
"489",1,6,0.1,0.75,2,0.5,200,0.782772989172351,0.547719983129203,0.013789762619991,0.0282257525735895
"491",1,6,0.1,0.75,2,1,200,0.807924679377828,0.599027991724458,0.0130610057995224,0.0269776805259277
"493",1,6,0.1,1,0,0.5,200,0.793791717462053,0.569151743472988,0.011994501458632,0.0250735526448913
"495",1,6,0.1,1,0,1,200,0.81305748593805,0.609535915126516,0.012604691997095,0.0264291731264159
"497",1,6,0.1,1,1,0.5,200,0.792320438281232,0.567075388730549,0.0127817105003403,0.0262116655931136
"499",1,6,0.1,1,1,1,200,0.813708356013026,0.611487424705009,0.013194194309277,0.0271804675349051
"501",1,6,0.1,1,2,0.5,200,0.783696135863834,0.549480236523457,0.0122670183385273,0.0253237866921562
"503",1,6,0.1,1,2,1,200,0.811759146727341,0.606876904982909,0.0151981433260106,0.031733047149541
"73",0.05,18,0,0.75,0,0.5,200,0.82900504671967,0.641989323912649,0.011169693751647,0.0231354418767856
"75",0.05,18,0,0.75,0,1,200,0.827738650472316,0.639276395181964,0.0127444491287427,0.0264454387546177
"77",0.05,18,0,0.75,1,0.5,200,0.828251820909407,0.640402443398359,0.0128880689886311,0.0267083186810316
"79",0.05,18,0,0.75,1,1,200,0.828148730152778,0.64021406587547,0.0129416042749718,0.0271204152794768
"81",0.05,18,0,0.75,2,0.5,200,0.827634926533129,0.639255472116546,0.0134106886664584,0.0277117006116454
"83",0.05,18,0,0.75,2,1,200,0.828525009349201,0.641274150234071,0.0118975184615027,0.0245582007085464
"85",0.05,18,0,1,0,0.5,200,0.832700232376772,0.649945169346528,0.0118755250508432,0.0246036524221931
"87",0.05,18,0,1,0,1,200,0.825240289479723,0.634697636213481,0.0131297118671957,0.0272096597835786
"89",0.05,18,0,1,1,0.5,200,0.831775961310064,0.648162047416881,0.0134079605225403,0.0276103857954786
"91",0.05,18,0,1,1,1,200,0.825273775933785,0.634585969837192,0.0129767094050216,0.0270474227625442
"93",0.05,18,0,1,2,0.5,200,0.830919855924273,0.646516275002482,0.0121586585436837,0.0252897654421318
"95",0.05,18,0,1,2,1,200,0.826266492620828,0.636571812640619,0.0124735623982935,0.0256903779811003
"97",0.05,18,0.01,0.75,0,0.5,200,0.828492402143001,0.640936860951406,0.0125793901774968,0.0258891925394969
"99",0.05,18,0.01,0.75,0,1,200,0.826985950594625,0.637531859805028,0.0135758094492846,0.0282487190392562
"101",0.05,18,0.01,0.75,1,0.5,200,0.828559794527354,0.641127385754142,0.0120338644060999,0.0252000105410658
"103",0.05,18,0.01,0.75,1,1,200,0.828079757229034,0.640317179628877,0.013535265266077,0.0282000533467545
"105",0.05,18,0.01,0.75,2,0.5,200,0.826506054564702,0.636915427619288,0.0125910327335361,0.0259872989520007
"107",0.05,18,0.01,0.75,2,1,200,0.828387414941121,0.640835511348168,0.0110404400426378,0.0230812498230233
"109",0.05,18,0.01,1,0,0.5,200,0.832940145904352,0.650365428772095,0.0119804139038231,0.0249232084863324
"111",0.05,18,0.01,1,0,1,200,0.825582310873552,0.635213295795567,0.0123368811196316,0.0256150979511614
"113",0.05,18,0.01,1,1,0.5,200,0.831605091629023,0.647858131930444,0.0128037662154044,0.0265465384337241
"115",0.05,18,0.01,1,1,1,200,0.82472722376739,0.633291022415068,0.0120781172557837,0.0249535442890899
"117",0.05,18,0.01,1,2,0.5,200,0.830578712984663,0.645638994448898,0.0127223567829215,0.0262687611685959
"119",0.05,18,0.01,1,2,1,200,0.826780717881186,0.637680066437269,0.0118775369072383,0.0244886715550283
"121",0.05,18,0.1,0.75,0,0.5,200,0.829621273389935,0.643303297369723,0.0136834193572368,0.0281421048258248
"123",0.05,18,0.1,0.75,0,1,200,0.826232480089895,0.636191394919873,0.0124487512812349,0.0261350895908157
"125",0.05,18,0.1,0.75,1,0.5,200,0.828354349767022,0.640955246363799,0.0140658547210734,0.0289755004909732
"127",0.05,18,0.1,0.75,1,1,200,0.828935756879976,0.642131244014702,0.0114168878998413,0.0235629090316427
"129",0.05,18,0.1,0.75,2,0.5,200,0.826916802456223,0.637695221025975,0.0131740173356281,0.0271563274305566
"131",0.05,18,0.1,0.75,2,1,200,0.828696195946192,0.641533727984336,0.0129215227003135,0.0267921659435705
"133",0.05,18,0.1,1,0,0.5,200,0.832597668562805,0.650114352698898,0.0124606431223833,0.0257621832634802
"135",0.05,18,0.1,1,0,1,200,0.824419602238195,0.632671459148821,0.0119573368585429,0.0249007845693193
"137",0.05,18,0.1,1,1,0.5,200,0.831503264784431,0.647712920341129,0.0128591916010442,0.02659954004132
"139",0.05,18,0.1,1,1,1,200,0.825376830940419,0.634664525662586,0.0131069698639903,0.0271574576581017
"141",0.05,18,0.1,1,2,0.5,200,0.830510021948369,0.645456978391608,0.0112268790505343,0.0234630953418409
"143",0.05,18,0.1,1,2,1,200,0.825787299036823,0.635603739477956,0.0123356541185262,0.0257252579998765
"289",0.3,18,0,0.75,0,0.5,200,0.825616674050249,0.63507177283232,0.0121804012085381,0.0252894903469914
"291",0.3,18,0,0.75,0,1,200,0.830441575822989,0.64483359736793,0.0131600541178093,0.0272830998214399
"293",0.3,18,0,0.75,1,0.5,200,0.81942376087171,0.622484635557233,0.0103112637947423,0.0214265506897012
"295",0.3,18,0,0.75,1,1,200,0.827635172814881,0.639946029296792,0.0133619625253723,0.0274184463698236
"297",0.3,18,0,0.75,2,0.5,200,0.818053395485656,0.620250102329071,0.0117680421477943,0.0244270390562589
"299",0.3,18,0,0.75,2,1,200,0.824624168472159,0.633593096217874,0.0111276656809283,0.0229768522313989
"301",0.3,18,0,1,0,0.5,200,0.829893900507908,0.644021572276376,0.0122914870303229,0.0257795561710301
"303",0.3,18,0,1,0,1,200,0.831674661985329,0.64794444954405,0.0134458130986915,0.0278103679375634
"305",0.3,18,0,1,1,0.5,200,0.826129669994176,0.636780947719989,0.0116069885836115,0.0233111727189001
"307",0.3,18,0,1,1,1,200,0.827806429324577,0.640226803852722,0.0113032047531781,0.0238038166919345
"309",0.3,18,0,1,2,0.5,200,0.821577430584359,0.627382398085535,0.0130714111341853,0.0271303743356994
"311",0.3,18,0,1,2,1,200,0.82671146458513,0.638023702539969,0.0101659052915954,0.0212009430466535
"313",0.3,18,0.01,0.75,0,0.5,200,0.823119227983365,0.629886725163533,0.0116696790147464,0.0237667210166594
"315",0.3,18,0.01,0.75,0,1,200,0.829620606766161,0.643615773607663,0.0134092961325583,0.0276439955187574
"317",0.3,18,0.01,0.75,1,0.5,200,0.821065734013868,0.625849958761621,0.0134758966509287,0.0281416273048178
"319",0.3,18,0.01,0.75,1,1,200,0.826439365203462,0.636916290653834,0.0133227538812959,0.0276762410751466
"321",0.3,18,0.01,0.75,2,0.5,200,0.816001306407995,0.615957745063519,0.0135664084458098,0.0280704168326819
"323",0.3,18,0.01,0.75,2,1,200,0.825650687302675,0.635545213081638,0.0118914169092361,0.0246963305925885
"325",0.3,18,0.01,1,0,0.5,200,0.828695807530251,0.641951060184058,0.0152053850327034,0.0314788723308245
"327",0.3,18,0.01,1,0,1,200,0.830921366767407,0.646423523558791,0.0113174897091601,0.0236985705458671
"329",0.3,18,0.01,1,1,0.5,200,0.823426920796102,0.631341887221313,0.0142853230648793,0.0296934507672498
"331",0.3,18,0.01,1,1,1,200,0.829346260004881,0.64341533922359,0.011610182716961,0.0240594971434527
"333",0.3,18,0.01,1,2,0.5,200,0.82062093877936,0.625461080650517,0.0139659916529656,0.0287652621520816
"335",0.3,18,0.01,1,2,1,200,0.827430256079452,0.639642075799284,0.00900999150114827,0.0184183619615857
"337",0.3,18,0.1,0.75,0,0.5,200,0.821510179251955,0.62678312540399,0.0114501119144506,0.0237883552538606
"339",0.3,18,0.1,0.75,0,1,200,0.82636982965921,0.636982604285414,0.0110935082595613,0.0230507429961665
"341",0.3,18,0.1,0.75,1,0.5,200,0.818671062797752,0.621117998404288,0.0131795631315436,0.0270401185122357
"343",0.3,18,0.1,0.75,1,1,200,0.827293397702805,0.639051795771248,0.01248148976729,0.0256553399484015
"345",0.3,18,0.1,0.75,2,0.5,200,0.816925681550118,0.617734704028089,0.0138581294159671,0.0289958802900701
"347",0.3,18,0.1,0.75,2,1,200,0.824828980482829,0.633835099303318,0.0116780952203508,0.024163578340639
"349",0.3,18,0.1,1,0,0.5,200,0.82667794266967,0.637791605985681,0.0121876118671539,0.0250897674855983
"351",0.3,18,0.1,1,0,1,200,0.825480308814302,0.63515774689735,0.0110092232828081,0.0224380380861009
"353",0.3,18,0.1,1,1,0.5,200,0.823085531719039,0.630531531703139,0.0128348282346588,0.0268130059402839
"355",0.3,18,0.1,1,1,1,200,0.82643799497938,0.637311195309834,0.0112377000140548,0.0232647867285657
"357",0.3,18,0.1,1,2,0.5,200,0.820893635882187,0.625855460622744,0.0136803445344269,0.0278998858428937
"359",0.3,18,0.1,1,2,1,200,0.825752408701015,0.635984992484481,0.0120646830659009,0.0248053406105429
"505",1,18,0,0.75,0,0.5,200,0.80542927116889,0.592416564719916,0.0124409981786887,0.0257612446801663
"507",1,18,0,0.75,0,1,200,0.822092745191441,0.627759097317831,0.0122933302340689,0.0254384810894657
"509",1,18,0,0.75,1,0.5,200,0.792184670044951,0.567044717907893,0.0142211614103144,0.0299084509822691
"511",1,18,0,0.75,1,1,200,0.816719956633921,0.617468214646147,0.0137924128686699,0.0289245082800424
"513",1,18,0,0.75,2,0.5,200,0.786331106931139,0.554328741983092,0.0119040312091459,0.0247716630264265
"515",1,18,0,0.75,2,1,200,0.810079720468948,0.603189391747567,0.012727209467911,0.0268281685243965
"517",1,18,0,1,0,0.5,200,0.812647543846368,0.608474717407802,0.0158732507529983,0.0329314679180069
"519",1,18,0,1,0,1,200,0.829449630556628,0.643847786884343,0.012861844632173,0.0266845425670027
"521",1,18,0,1,1,0.5,200,0.796700579992265,0.5756910703666,0.0118837768558644,0.0246765728421269
"523",1,18,0,1,1,1,200,0.821750618712107,0.627928664446682,0.012441984973207,0.0260874862416935
"525",1,18,0,1,2,0.5,200,0.79403205176455,0.570529874494551,0.0112317489688138,0.0229844689232993
"527",1,18,0,1,2,1,200,0.815966626748244,0.61625142845651,0.0107436835259955,0.0219234673243219
"529",1,18,0.01,0.75,0,0.5,200,0.799645313944931,0.581641027713421,0.0125202183944681,0.0262340483929828
"531",1,18,0.01,0.75,0,1,200,0.817404103641292,0.618019717735538,0.0128945761089489,0.0267283922213136
"533",1,18,0.01,0.75,1,0.5,200,0.794305308962659,0.570453896219388,0.0132420835106331,0.0277131196771227
"535",1,18,0.01,0.75,1,1,200,0.815179003598574,0.614198416178827,0.012891797418623,0.0267589315827878
"537",1,18,0.01,0.75,2,0.5,200,0.786229069266193,0.554013289843048,0.0128511524675857,0.0267248488571411
"539",1,18,0.01,0.75,2,1,200,0.813502103576971,0.610713558672549,0.0129634307853592,0.0264392040840917
"541",1,18,0.01,1,0,0.5,200,0.807205783158747,0.597174436322658,0.00957523633710594,0.0198565033832433
"543",1,18,0.01,1,0,1,200,0.821851741234898,0.628128980210342,0.0136672430065796,0.0283300859494509
"545",1,18,0.01,1,1,0.5,200,0.796220612029455,0.574047714546708,0.0123832423233732,0.0261638652679553
"547",1,18,0.01,1,1,1,200,0.820483027455329,0.624961158278455,0.0127234539691766,0.0263681210158959
"549",1,18,0.01,1,2,0.5,200,0.792081683724483,0.566606025413069,0.010437167876232,0.0218396076366655
"551",1,18,0.01,1,2,1,200,0.815898004831011,0.615737591678245,0.0108118524980113,0.0224271755594138
"553",1,18,0.1,0.75,0,0.5,200,0.796804266594171,0.575974199135342,0.0101395589572677,0.0213513578253777
"555",1,18,0.1,0.75,0,1,200,0.809361982499205,0.601484248520436,0.0128203413388972,0.026054112081163
"557",1,18,0.1,0.75,1,0.5,200,0.789788803170069,0.561194901536065,0.0130456888661552,0.0273078849792194
"559",1,18,0.1,0.75,1,1,200,0.812134969687449,0.60751127610401,0.0117460655436169,0.0244916093441174
"561",1,18,0.1,0.75,2,0.5,200,0.785579954584519,0.552397991079116,0.0112588899936801,0.0235050542761111
"563",1,18,0.1,0.75,2,1,200,0.811894775066063,0.607379733260148,0.0109786916175359,0.0226947641547956
"565",1,18,0.1,1,0,0.5,200,0.799300869884682,0.580560604176775,0.014368066985615,0.0302426827293769
"567",1,18,0.1,1,0,1,200,0.813468935048951,0.610219840997617,0.0125200544840717,0.0260885037978266
"569",1,18,0.1,1,1,0.5,200,0.798582956483832,0.579372633784733,0.013824271791912,0.0297258265934432
"571",1,18,0.1,1,1,1,200,0.813161277697611,0.609972683176704,0.0138810110584464,0.0285136008818052
"573",1,18,0.1,1,2,0.5,200,0.792184985157168,0.566694205340612,0.0113128365420005,0.0236979992124243
"575",1,18,0.1,1,2,1,200,0.810732592940473,0.604708546894256,0.0114450755903941,0.0234016651547954
"145",0.05,22,0,0.75,0,0.5,200,0.828150205534514,0.640144966197836,0.0130159444639068,0.0269974522662835
"147",0.05,22,0,0.75,0,1,200,0.826198749446412,0.635948360087247,0.0111253444220035,0.0232619550031427
"149",0.05,22,0,0.75,1,0.5,200,0.82897061240373,0.641899564820928,0.0133847225875283,0.0274650274495434
"151",0.05,22,0,0.75,1,1,200,0.828935265254412,0.642310843655055,0.0129582089339412,0.0265386338688698
"153",0.05,22,0,0.75,2,0.5,200,0.827739597901298,0.639438140971213,0.0117143667078086,0.0239302160430534
"155",0.05,22,0,0.75,2,1,200,0.829380622965129,0.642943506093415,0.0113241576746809,0.0235895250404004
"157",0.05,22,0,1,0,0.5,200,0.833487856392234,0.651691100235374,0.0105052182114871,0.0216133122940705
"159",0.05,22,0,1,0,1,200,0.825479816539394,0.635134204447701,0.0117495992489325,0.0245793969222678
"161",0.05,22,0,1,1,0.5,200,0.833555740907195,0.651750270523977,0.0118808182376082,0.0243011355700482
"163",0.05,22,0,1,1,1,200,0.827053519636623,0.638318909550075,0.013636917215375,0.0282740514164424
"165",0.05,22,0,1,2,0.5,200,0.831775610231403,0.648222120855387,0.0115219869080814,0.0238633899130407
"167",0.05,22,0,1,2,1,200,0.826129565052969,0.636527442520451,0.011491147229498,0.0238166206517526
"169",0.05,22,0.01,0.75,0,0.5,200,0.830202189598819,0.644582675929935,0.0121664363888619,0.0255037671052439
"171",0.05,22,0.01,0.75,0,1,200,0.82647211346161,0.636532273428666,0.0126017038049656,0.0266216423742532
"173",0.05,22,0.01,0.75,1,0.5,200,0.828457722843996,0.64085492683832,0.0115181967047032,0.0235451455981396
"175",0.05,22,0.01,0.75,1,1,200,0.827156891703507,0.638400516215151,0.0113853500318905,0.0233257970085923
"177",0.05,22,0.01,0.75,2,0.5,200,0.826164069425913,0.63615735065621,0.0119307126326442,0.0249174862135628
"179",0.05,22,0.01,0.75,2,1,200,0.829619868498098,0.643472197500054,0.0125073184495826,0.0262174670167277
"181",0.05,22,0.01,1,0,0.5,200,0.834377342280789,0.653648129902577,0.0125042129080223,0.0257100167782636
"183",0.05,22,0.01,1,0,1,200,0.825959116507593,0.636000431812758,0.0113861397378986,0.0235409478026664
"185",0.05,22,0.01,1,1,0.5,200,0.831912924988664,0.648476092206402,0.0127674962094579,0.0262346624307513
"187",0.05,22,0.01,1,1,1,200,0.82636919676525,0.636947718356014,0.0121069050171093,0.0250618304573838
"189",0.05,22,0.01,1,2,0.5,200,0.830236025905002,0.645081660507328,0.0126444258835507,0.0261749542586308
"191",0.05,22,0.01,1,2,1,200,0.826300575425212,0.636787077868043,0.0110059577433558,0.0227030082654097
"193",0.05,22,0.1,0.75,0,0.5,200,0.827499860742766,0.638924076679585,0.011842417291206,0.024622926096677
"195",0.05,22,0.1,0.75,0,1,200,0.826473095558348,0.636868058168876,0.0144985960980245,0.0303457827570995
"197",0.05,22,0.1,0.75,1,0.5,200,0.827157594077276,0.638194311852032,0.010942509345284,0.0224077070081708
"199",0.05,22,0.1,0.75,1,1,200,0.827430500485322,0.638812892683382,0.0131888923711972,0.0275206882859333
"201",0.05,22,0.1,0.75,2,0.5,200,0.828388011507891,0.640983334488752,0.0112227363226444,0.0235299244192139
"203",0.05,22,0.1,0.75,2,1,200,0.828217176566755,0.640451098052172,0.0104797091681013,0.0217560809954227
"205",0.05,22,0.1,1,0,0.5,200,0.83321417697622,0.651295294632024,0.0125833543337872,0.0260070542679653
"207",0.05,22,0.1,1,0,1,200,0.82561670922305,0.635054914957603,0.0117263183923552,0.0243440478416479
"209",0.05,22,0.1,1,1,0.5,200,0.832049922757825,0.648690940473855,0.0111928331432493,0.0229400325283008
"211",0.05,22,0.1,1,1,1,200,0.826369267399448,0.636946149347287,0.0127369165819233,0.026420432795747
"213",0.05,22,0.1,1,2,0.5,200,0.829859430441972,0.644189090922422,0.0135284461240061,0.0282870394988186
"215",0.05,22,0.1,1,2,1,200,0.82701908560928,0.638323136078551,0.0119602776056292,0.0244031743885379
"361",0.3,22,0,0.75,0,0.5,200,0.82493315979254,0.633724553761404,0.0118600213967618,0.0245874608423775
"363",0.3,22,0,0.75,0,1,200,0.828320057657419,0.640575545392164,0.0114703390827841,0.0237810581967818
"365",0.3,22,0,0.75,1,0.5,200,0.818122649286758,0.61996393586152,0.0142598215681425,0.0292950477318279
"367",0.3,22,0,0.75,1,1,200,0.827635137786379,0.639455272118219,0.011511366205374,0.0238289358871982
"369",0.3,22,0,0.75,2,0.5,200,0.817403367104813,0.61859228605196,0.0112371959131808,0.0229477441756665
"371",0.3,22,0,0.75,2,1,200,0.825958589637079,0.636767755313724,0.0116906387660605,0.0242465370482826
"373",0.3,22,0,1,0,0.5,200,0.829586699248585,0.643511367810308,0.0115157310973552,0.023743805160812
"375",0.3,22,0,1,0,1,200,0.830133883226699,0.644547751791536,0.0119603101126955,0.0248472660723414
"377",0.3,22,0,1,1,0.5,200,0.824247925025731,0.633023277751563,0.0123520594181865,0.025625084333696
"379",0.3,22,0,1,1,1,200,0.829312246752455,0.643361546643912,0.0108016975527789,0.0224931656702777
"381",0.3,22,0,1,2,0.5,200,0.822674678814161,0.630117961334668,0.0110977542260753,0.0223776649210518
"383",0.3,22,0,1,2,1,200,0.828764115489656,0.642304784100981,0.0117057607880067,0.0243824402139522
"385",0.3,22,0.01,0.75,0,0.5,200,0.825719660154269,0.635607625049139,0.011466800821108,0.0235499636390116
"387",0.3,22,0.01,0.75,0,1,200,0.82811563067167,0.640656214672908,0.0121229809474925,0.0250767830379447
"389",0.3,22,0.01,0.75,1,0.5,200,0.819766238790451,0.623187224308388,0.0140761916005675,0.0294046403951261
"391",0.3,22,0.01,0.75,1,1,200,0.826608934573126,0.637628068725678,0.0116007696674145,0.0240871460989877
"393",0.3,22,0.01,0.75,2,0.5,200,0.817814150096986,0.619138129036475,0.00961740210177557,0.0195065893259311
"395",0.3,22,0.01,0.75,2,1,200,0.823870768096582,0.631687522986191,0.0123366178300107,0.0255473597035048
"397",0.3,22,0.01,1,0,0.5,200,0.830509670076065,0.645662850147518,0.0142424661180305,0.0292594539852864
"399",0.3,22,0.01,1,0,1,200,0.83044139959824,0.645210445883184,0.0117911312642395,0.0242469546281729
"401",0.3,22,0.01,1,1,0.5,200,0.825035899831255,0.634474251926518,0.012769474682418,0.0266034182381403
"403",0.3,22,0.01,1,1,1,200,0.829791581893454,0.644289158123669,0.012540629879546,0.0260671940485961
"405",0.3,22,0.01,1,2,0.5,200,0.820757584892665,0.62538142891385,0.0132670928725643,0.0276438230414137
"407",0.3,22,0.01,1,2,1,200,0.827292309438322,0.639092562649277,0.0102185003148038,0.020931213142544
"409",0.3,22,0.1,0.75,0,0.5,200,0.819423199189143,0.622516343829678,0.0116921489183915,0.024123565575966
"411",0.3,22,0.1,0.75,0,1,200,0.824658567182403,0.633414193277194,0.0120192706971239,0.0248006951148366
"413",0.3,22,0.1,0.75,1,0.5,200,0.819012030522704,0.622090839463205,0.0111754478450009,0.0228214813200996
"415",0.3,22,0.1,0.75,1,1,200,0.824144588564543,0.632378710303584,0.0127800218706141,0.0266843150558445
"417",0.3,22,0.1,0.75,2,0.5,200,0.814631326912656,0.612988679002028,0.0112025539494536,0.0230666103895746
"419",0.3,22,0.1,0.75,2,1,200,0.824726381135316,0.633872715414639,0.011151213166326,0.0228861460701002
"421",0.3,22,0.1,1,0,0.5,200,0.827943250652541,0.640587977420935,0.0124572818926057,0.0259835183466784
"423",0.3,22,0.1,1,0,1,200,0.824487802803315,0.632880817162954,0.00956567417126193,0.0196167078710002
"425",0.3,22,0.1,1,1,0.5,200,0.824521955664703,0.6336578918854,0.0138802002943745,0.0284303617387988
"427",0.3,22,0.1,1,1,1,200,0.826814730700716,0.638028806810253,0.0118647224775033,0.0245113094655348
"429",0.3,22,0.1,1,2,0.5,200,0.82048429208886,0.62535247016006,0.0138708768014559,0.0285508715393414
"431",0.3,22,0.1,1,2,1,200,0.826745581985119,0.637931516954285,0.00996600175277045,0.0205226410094378
"577",1,22,0,0.75,0,0.5,200,0.806487624269788,0.595021676221593,0.0107977624417027,0.0218901985591912
"579",1,22,0,0.75,0,1,200,0.820519181991771,0.624304595300431,0.0118994733251931,0.0245526930159787
"581",1,22,0,0.75,1,0.5,200,0.789002022868922,0.559624229453932,0.0140164676043179,0.0285979896343855
"583",1,22,0,0.75,1,1,200,0.81750779226338,0.619160761331701,0.0102714000637539,0.0215677603211217
"585",1,22,0,0.75,2,0.5,200,0.786504577307083,0.554158190631039,0.0133305907298122,0.0284145063386827
"587",1,22,0,0.75,2,1,200,0.814769203352484,0.613730581339771,0.0129720408477531,0.0265168651230996
"589",1,22,0,1,0,0.5,200,0.813707512803756,0.610487530349134,0.014241358194157,0.0300623621839732
"591",1,22,0,1,0,1,200,0.829860203161342,0.644297688864194,0.012237830018165,0.0253402610287976
"593",1,22,0,1,1,0.5,200,0.79718040430575,0.576678186120068,0.0142080894727362,0.0294041516547855
"595",1,22,0,1,1,1,200,0.820997744774147,0.62652598846189,0.0134671976356305,0.0278160877971426
"597",1,22,0,1,2,0.5,200,0.791123682375038,0.564591277491962,0.0136905067008179,0.0285124096708053
"599",1,22,0,1,2,1,200,0.819251415448186,0.622330223439977,0.0113746732869864,0.023652949956975
"601",1,22,0.01,0.75,0,0.5,200,0.802005903583201,0.586304551189626,0.0137768167114327,0.0292797819968544
"603",1,22,0.01,0.75,0,1,200,0.816446241612211,0.61628596437516,0.0136920671592973,0.0279293064578389
"605",1,22,0.01,0.75,1,0.5,200,0.789822816061748,0.561743502554293,0.0121160468466862,0.0252730508832738
"607",1,22,0.01,0.75,1,1,200,0.815488346214064,0.614821334117792,0.011181664185898,0.0228945047841121
"609",1,22,0.01,0.75,2,0.5,200,0.788214644846616,0.557489096347092,0.0130988407823846,0.0275268725642626
"611",1,22,0.01,0.75,2,1,200,0.81367458817656,0.611286579503431,0.0130072002384004,0.026652370766882
"613",1,22,0.01,1,0,0.5,200,0.806659862804073,0.596126881938385,0.0165446752918953,0.0344277166465402
"615",1,22,0.01,1,0,1,200,0.822640103879169,0.629025355054069,0.0141226520216933,0.0293704438534694
"617",1,22,0.01,1,1,0.5,200,0.800466633431076,0.583631920874398,0.0127611300052515,0.026534087284956
"619",1,22,0.01,1,1,1,200,0.821544857973765,0.627380306203112,0.0127705165103313,0.0265451345634671
"621",1,22,0.01,1,2,0.5,200,0.792869518776747,0.568124429805376,0.013796210460877,0.027955147623205
"623",1,22,0.01,1,2,1,200,0.818806865773938,0.621544637878633,0.0112361646353231,0.0231855926588171
"625",1,22,0.1,0.75,0,0.5,200,0.794100883708495,0.570407193315837,0.0152925011066482,0.0318721057853308
"627",1,22,0.1,0.75,0,1,200,0.812716551582165,0.608816838897947,0.0120395497714999,0.0249714866906645
"629",1,22,0.1,0.75,1,0.5,200,0.787906600810919,0.55724730014883,0.0125216480500914,0.0255255758443889
"631",1,22,0.1,0.75,1,1,200,0.808985844571178,0.601006049351593,0.0117522046036406,0.0246280148875275
"633",1,22,0.1,0.75,2,0.5,200,0.785067624615022,0.551584470897519,0.0149999227207559,0.031168814183481
"635",1,22,0.1,0.75,2,1,200,0.811654686251676,0.606399220346572,0.0143543359982533,0.0295468554207224
"637",1,22,0.1,1,0,0.5,200,0.802827117334496,0.587962597115788,0.0143050982028087,0.0300293568224485
"639",1,22,0.1,1,0,1,200,0.813674659676551,0.610613687265965,0.0114140830511373,0.0236023899102142
"641",1,22,0.1,1,1,0.5,200,0.797215225738943,0.576819435140343,0.0156790410986968,0.0316472936531642
"643",1,22,0.1,1,1,1,200,0.81541884605906,0.614788129669066,0.0112249004376623,0.0231160815259494
"645",1,22,0.1,1,2,0.5,200,0.793758091254731,0.56980875296811,0.0125396072193492,0.025969189097449
"647",1,22,0.1,1,2,1,200,0.813367774972431,0.610688984503906,0.0115726376035964,0.0238614185065541
"2",0.05,6,0,0.75,0,0.5,210,0.814529677230754,0.610783335470616,0.0114550293525808,0.0239870010124883
"4",0.05,6,0,0.75,0,1,210,0.810936457161414,0.602511546276329,0.012732164543461,0.0263242474567062
"6",0.05,6,0,0.75,1,0.5,210,0.813673044469404,0.608634721067269,0.012871274422338,0.0267200567807241
"8",0.05,6,0,0.75,1,1,210,0.811585889408382,0.604097268852712,0.0129051725438184,0.0269547947348611
"10",0.05,6,0,0.75,2,0.5,210,0.810492399112729,0.601913638581467,0.0134049092000427,0.0271412266421216
"12",0.05,6,0,0.75,2,1,210,0.810148903347255,0.600653645749805,0.0128172986349189,0.026390488742886
"14",0.05,6,0,1,0,0.5,210,0.820586856191424,0.623801926388128,0.0135750041369438,0.0279118313260967
"16",0.05,6,0,1,0,1,210,0.813639418262082,0.608950006776015,0.0126955232239426,0.0265772323502602
"18",0.05,6,0,1,1,0.5,210,0.81822581132693,0.619176937841907,0.0112587243852687,0.0228224424537368
"20",0.05,6,0,1,1,1,210,0.811860025421457,0.605056999264997,0.01184889783533,0.0244914009866236
"22",0.05,6,0,1,2,0.5,210,0.815590137813706,0.613595154295094,0.0122939614841143,0.0253549713048758
"24",0.05,6,0,1,2,1,210,0.811928260798631,0.605086296950876,0.0130674335105158,0.0269490460477115
"26",0.05,6,0.01,0.75,0,0.5,210,0.814358840630183,0.610484844234352,0.014767307437227,0.0301053754752808
"28",0.05,6,0.01,0.75,0,1,210,0.811483465347676,0.603920613354462,0.0122488850344571,0.0252514379407652
"30",0.05,6,0.01,0.75,1,0.5,210,0.813503404104796,0.608500550534355,0.0127873736348975,0.0262331764413531
"32",0.05,6,0.01,0.75,1,1,210,0.811004552424581,0.602727755964348,0.0124594893906436,0.0261475349411688
"34",0.05,6,0.01,0.75,2,0.5,210,0.812886543963376,0.607204550441802,0.0118450223708603,0.0246013853307226
"36",0.05,6,0.01,0.75,2,1,210,0.809636118079384,0.599479410222774,0.0137818540396535,0.0287882521523249
"38",0.05,6,0.01,1,0,0.5,210,0.818943372855476,0.620674685244203,0.0137532194738386,0.0281584740952407
"40",0.05,6,0.01,1,0,1,210,0.812271195025837,0.605964952203894,0.0132737994932447,0.0276671257810746
"42",0.05,6,0.01,1,1,0.5,210,0.81887591034197,0.620242670034285,0.0121305423862685,0.0247043281476081
"44",0.05,6,0.01,1,1,1,210,0.812100009366787,0.605436220124408,0.0119212275173753,0.0245711883881921
"46",0.05,6,0.01,1,2,0.5,210,0.816583311025661,0.615413655361346,0.0135984275880001,0.0281197946154813
"48",0.05,6,0.01,1,2,1,210,0.811038845688573,0.603201433094619,0.0132872530745537,0.0274865713494429
"50",0.05,6,0.1,0.75,0,0.5,210,0.814358033820253,0.610350953198479,0.0124272643746596,0.025862892323188
"52",0.05,6,0.1,0.75,0,1,210,0.813057624897667,0.60707381740767,0.0126166638402627,0.0263893970287603
"54",0.05,6,0.1,0.75,1,0.5,210,0.812920907933716,0.607492281875479,0.0124834835510612,0.0258210480044437
"56",0.05,6,0.1,0.75,1,1,210,0.811483571154675,0.603888979144228,0.012348683796544,0.0258007161455349
"58",0.05,6,0.1,0.75,2,0.5,210,0.813571253230509,0.608456725897875,0.0125451974841762,0.0261938394902518
"60",0.05,6,0.1,0.75,2,1,210,0.810798476213275,0.602016544935605,0.0144548816607845,0.0303332514964815
"62",0.05,6,0.1,1,0,0.5,210,0.818499244894086,0.619762799422002,0.012528230584484,0.0258380620503577
"64",0.05,6,0.1,1,0,1,210,0.811655354101988,0.604601659841553,0.0127028762554453,0.0263162531642424
"66",0.05,6,0.1,1,1,0.5,210,0.816856920168223,0.616233578252844,0.0132374853112737,0.027047889596924
"68",0.05,6,0.1,1,1,1,210,0.811551947078752,0.604253296312862,0.01238877837609,0.0257282749699879
"70",0.05,6,0.1,1,2,0.5,210,0.816993250880713,0.616483981433779,0.0133496543355565,0.0276161948870485
"72",0.05,6,0.1,1,2,1,210,0.810456840710161,0.601844691214017,0.0131979984203849,0.0273703061107782
"218",0.3,6,0,0.75,0,0.5,210,0.815589856214854,0.614555599124921,0.0126038602694329,0.0258999339134889
"220",0.3,6,0,0.75,0,1,210,0.819252083082051,0.622280303552702,0.0104751392559895,0.0215230065371217
"222",0.3,6,0,0.75,1,0.5,210,0.812202606910568,0.607795363221292,0.0130109714092569,0.0264742708916763
"224",0.3,6,0,0.75,1,1,210,0.819695368772112,0.623322035468238,0.0115687009746841,0.0234643229698098
"226",0.3,6,0,0.75,2,0.5,210,0.81312687862662,0.609552856998943,0.0116614002589194,0.0238425065032035
"228",0.3,6,0,0.75,2,1,210,0.819046814041422,0.622186325832377,0.0116994328765267,0.0238532488115392
"230",0.3,6,0,1,0,0.5,210,0.818910026804019,0.621700409790336,0.0133517494379656,0.0275983202546695
"232",0.3,6,0,1,0,1,210,0.823323302231018,0.630902483629046,0.0137772595077981,0.0289075782234081
"234",0.3,6,0,1,1,0.5,210,0.819013293929696,0.622336719567368,0.0111072034910729,0.0225011009385723
"236",0.3,6,0,1,1,1,210,0.822843966368526,0.630142858850096,0.0130462700105928,0.026667534797154
"238",0.3,6,0,1,2,0.5,210,0.817437342587063,0.619316897260137,0.0128791179050731,0.026581993548612
"240",0.3,6,0,1,2,1,210,0.822468355743909,0.6291849893351,0.0118803071395846,0.0245824609368092
"242",0.3,6,0.01,0.75,0,0.5,210,0.815385290558085,0.614221249261379,0.0105171264392997,0.0215329163407323
"244",0.3,6,0.01,0.75,0,1,210,0.819559740577689,0.622571998464266,0.0107398339156584,0.0225751473219314
"246",0.3,6,0.01,0.75,1,0.5,210,0.815283006611386,0.61388679434384,0.0109796125886711,0.022786216912382
"248",0.3,6,0.01,0.75,1,1,210,0.819251873343936,0.622349053883718,0.0103154931562307,0.0211303656212651
"250",0.3,6,0.01,0.75,2,0.5,210,0.810148867236513,0.603846282771926,0.0138390136584845,0.0290791837345769
"252",0.3,6,0.01,0.75,2,1,210,0.818259436379862,0.62042516851319,0.0133442079528914,0.0274616527483262
"254",0.3,6,0.01,1,0,0.5,210,0.817096410972853,0.618280472272924,0.0145024052535699,0.0297825842823428
"256",0.3,6,0.01,1,0,1,210,0.823324145656735,0.630701058687999,0.0141262567904264,0.0293026382699936
"258",0.3,6,0.01,1,1,0.5,210,0.819252048775042,0.622623504048006,0.0119379032504087,0.0250711957004902
"260",0.3,6,0.01,1,1,1,210,0.822571305881486,0.629376023507361,0.0132806817514044,0.027224607613065
"262",0.3,6,0.01,1,2,0.5,210,0.815727310364629,0.615035216680208,0.0107122044386609,0.0222981401199529
"264",0.3,6,0.01,1,2,1,210,0.821853041401976,0.627890342879731,0.0129555533798171,0.0269768701407449
"266",0.3,6,0.1,0.75,0,0.5,210,0.816548454780414,0.616731718405607,0.0143799608926452,0.0295103784020405
"268",0.3,6,0.1,0.75,0,1,210,0.820518269519141,0.624959306343934,0.0113888669141049,0.0230173416240373
"270",0.3,6,0.1,0.75,1,0.5,210,0.813194799180174,0.609427271360281,0.00938924912492523,0.0199188193046078
"272",0.3,6,0.1,0.75,1,1,210,0.820038864609736,0.623600647613228,0.011199397453693,0.0232397010289318
"274",0.3,6,0.1,0.75,2,0.5,210,0.811928507080384,0.607516110611089,0.0119746822222067,0.0248428665562391
"276",0.3,6,0.1,0.75,2,1,210,0.820106853993755,0.624179832772876,0.0135418626121059,0.0277224980322391
"278",0.3,6,0.1,1,0,0.5,210,0.818225143909513,0.620539091264205,0.013662930061992,0.0279389513630166
"280",0.3,6,0.1,1,0,1,210,0.821509967710107,0.626778704078113,0.012844945351027,0.0266135646767936
"282",0.3,6,0.1,1,1,0.5,210,0.817711444293129,0.619259544180131,0.0129096531050345,0.0270793452697808
"284",0.3,6,0.1,1,1,1,210,0.824555616251183,0.633531956387527,0.0131471955703474,0.0270681661522887
"286",0.3,6,0.1,1,2,0.5,210,0.815761673829923,0.615570689949644,0.0111715264282923,0.0233188179741979
"288",0.3,6,0.1,1,2,1,210,0.822640068345621,0.629297452194796,0.0119561279157969,0.0246480679694802
"434",1,6,0,0.75,0,0.5,210,0.792628692920835,0.566828959238241,0.0116608958794081,0.0246285760756244
"436",1,6,0,0.75,0,1,210,0.817643630195918,0.619194063180225,0.010378755819773,0.0212324710149121
"438",1,6,0,0.75,1,0.5,210,0.784793313387289,0.551343774975596,0.0107643343827344,0.0220566117331734
"440",1,6,0,0.75,1,1,210,0.812441327521055,0.608565033369409,0.0108736466945273,0.0224618792059384
"442",1,6,0,0.75,2,0.5,210,0.7846899067248,0.550496371000023,0.0160594857652511,0.0332416738415203
"444",1,6,0,0.75,2,1,210,0.810250905262206,0.603939970872334,0.0128226697437165,0.0261882664650489
"446",1,6,0,1,0,0.5,210,0.799952795793016,0.582701930992664,0.0106037682399044,0.0216673180226529
"448",1,6,0,1,0,1,210,0.818157153371105,0.620070657998417,0.0143439500377979,0.0296691800382819
"450",1,6,0,1,1,0.5,210,0.789377352183285,0.56033451095294,0.0169789715606194,0.035040296965061
"452",1,6,0,1,1,1,210,0.815967679407031,0.616144770661036,0.0145786986812221,0.0303769052148002
"454",1,6,0,1,2,0.5,210,0.787495816664357,0.556306249905456,0.0163314427686271,0.0336567558590851
"456",1,6,0,1,2,1,210,0.811073419324878,0.605822542923101,0.01254293531242,0.0259171529253061
"458",1,6,0.01,0.75,0,0.5,210,0.795503541693576,0.572937476716982,0.0142363262432876,0.0288810457674906
"460",1,6,0.01,0.75,0,1,210,0.814186600725061,0.611607432163436,0.0138314090141971,0.0287939526417189
"462",1,6,0.01,0.75,1,0.5,210,0.78862574461044,0.558885463808416,0.0107693184514988,0.0227029915839734
"464",1,6,0.01,0.75,1,1,210,0.809602176759844,0.602494974942767,0.0107225816052624,0.0225939010873395
"466",1,6,0.01,0.75,2,0.5,210,0.782739890845633,0.546614148636312,0.0113370257609868,0.0235442308720128
"468",1,6,0.01,0.75,2,1,210,0.810561197182561,0.604593094822294,0.0150092012014652,0.0314935182432076
"470",1,6,0.01,1,0,0.5,210,0.800123385318191,0.582955884342126,0.01287446762792,0.0261707993374494
"472",1,6,0.01,1,0,1,210,0.81849927970614,0.62096189576949,0.0129547827875037,0.0266524855880953
"474",1,6,0.01,1,1,0.5,210,0.79385995255063,0.569816992609189,0.0136436566825808,0.0288289848488214
"476",1,6,0.01,1,1,1,210,0.818464880490851,0.62120828698093,0.0120871703185313,0.0249020572286658
"478",1,6,0.01,1,2,0.5,210,0.784177436785594,0.549577139197256,0.0144071974682426,0.0294427979049405
"480",1,6,0.01,1,2,1,210,0.812065680280651,0.608131302497549,0.011957992234027,0.0243126517907147
"482",1,6,0.1,0.75,0,0.5,210,0.791327615137847,0.563927669744096,0.0145077613157444,0.0298777227818509
"484",1,6,0.1,0.75,0,1,210,0.808643822744454,0.600014311549721,0.0111088922916972,0.0228189921244505
"486",1,6,0.1,0.75,1,0.5,210,0.782227701928085,0.545395434803639,0.0124246719670894,0.0252659890833121
"488",1,6,0.1,0.75,1,1,210,0.80751463443727,0.597835603172566,0.012860366392659,0.0270053186425591
"490",1,6,0.1,0.75,2,0.5,210,0.784141844508913,0.550568671581582,0.0141965375997177,0.0289252309245594
"492",1,6,0.1,0.75,2,1,210,0.808985386026084,0.601338481384249,0.0138792310348174,0.028686344872812
"494",1,6,0.1,1,0,0.5,210,0.794612616245429,0.57107079279321,0.0114661467130075,0.0241915154241568
"496",1,6,0.1,1,0,1,210,0.81305748593805,0.609535915126516,0.012604691997095,0.0264291731264159
"498",1,6,0.1,1,1,0.5,210,0.7933816719443,0.569434350970927,0.011921711290492,0.0246355246819013
"500",1,6,0.1,1,1,1,210,0.813708356013026,0.611487424705009,0.013194194309277,0.0271804675349051
"502",1,6,0.1,1,2,0.5,210,0.783286301310735,0.548601257629356,0.0117630996401629,0.0242908440826084
"504",1,6,0.1,1,2,1,210,0.812135495908619,0.607697170468669,0.0154332742416122,0.0322679613774113
"74",0.05,18,0,0.75,0,0.5,210,0.829108243211149,0.642277456747395,0.0116106580413255,0.0241118298890257
"76",0.05,18,0,0.75,0,1,210,0.828183621642975,0.640262931438113,0.0131582288670106,0.0273537620878074
"78",0.05,18,0,0.75,1,0.5,210,0.828012539698593,0.639930430144306,0.0130706796477015,0.0270383656775487
"80",0.05,18,0,0.75,1,1,210,0.828217000630603,0.640474420926982,0.0134234289051941,0.028045621620667
"82",0.05,18,0,0.75,2,0.5,210,0.827600949174997,0.639196623785586,0.0133087418325565,0.0275296034864339
"84",0.05,18,0,0.75,2,1,210,0.828422304988331,0.640978311796752,0.0122716751955565,0.0254304773324312
"86",0.05,18,0,1,0,0.5,210,0.832666079371086,0.649937249868836,0.0116540344604255,0.0241615279698627
"88",0.05,18,0,1,0,1,210,0.825719027043861,0.635651058764883,0.0130601957113253,0.0270179123447319
"90",0.05,18,0,1,1,0.5,210,0.832665727931679,0.650049431137389,0.0133835408971117,0.0274672688039138
"92",0.05,18,0,1,1,1,210,0.825581889737888,0.635209741944089,0.0129631229187642,0.0270939783620372
"94",0.05,18,0,1,2,0.5,210,0.830782928284265,0.646212427329528,0.0120365771751292,0.0251404844889909
"96",0.05,18,0,1,2,1,210,0.82671086686397,0.637510710843252,0.0128975034820587,0.0266712668743896
"98",0.05,18,0.01,0.75,0,0.5,210,0.828629119179102,0.641249346139596,0.0116251732012775,0.0239518773269117
"100",0.05,18,0.01,0.75,0,1,210,0.826814659200726,0.637141790242884,0.0135530181236572,0.0281422231703958
"102",0.05,18,0.01,0.75,1,0.5,210,0.828525430917761,0.641041617614356,0.0117813913715458,0.0246316746798454
"104",0.05,18,0.01,0.75,1,1,210,0.828114155867129,0.640406504694317,0.0131955047545644,0.0274498519142236
"106",0.05,18,0.01,0.75,2,0.5,210,0.827395785941367,0.638706015697355,0.0122802938393688,0.0253368722406315
"108",0.05,18,0.01,0.75,2,1,210,0.828592894369208,0.641285290955695,0.0108460698300663,0.0228365174914369
"110",0.05,18,0.01,1,0,0.5,210,0.832734631159165,0.649925314345103,0.0124158851527579,0.0258416106855017
"112",0.05,18,0.01,1,0,1,210,0.825616463951388,0.63527136517712,0.011895666841259,0.0246624592510538
"114",0.05,18,0.01,1,1,0.5,210,0.832426411764512,0.649519325201105,0.0127044804062656,0.0263010589241907
"116",0.05,18,0.01,1,1,1,210,0.82582232927019,0.63565955607535,0.012053922853816,0.0249671858159357
"118",0.05,18,0.01,1,2,0.5,210,0.830476324385355,0.645414379253338,0.0129008489281955,0.026729470967202
"120",0.05,18,0.01,1,2,1,210,0.827225478087192,0.638613884670933,0.0111645668820021,0.0228468928847465
"122",0.05,18,0.1,0.75,0,0.5,210,0.830134234377509,0.64447400613333,0.013336379099558,0.0272475272242736
"124",0.05,18,0.1,0.75,0,1,210,0.826848426459996,0.637533056630728,0.0129368847123155,0.0271416828755147
"126",0.05,18,0.1,0.75,1,0.5,210,0.82835434998347,0.640925213985286,0.014724721999815,0.0303691924692648
"128",0.05,18,0.1,0.75,1,1,210,0.828901533889435,0.6420870882686,0.011109715218518,0.0228775300872834
"130",0.05,18,0.1,0.75,2,0.5,210,0.826677451260554,0.637159000356789,0.0126948940199283,0.0259963898040378
"132",0.05,18,0.1,0.75,2,1,210,0.828388117459188,0.640918001855808,0.0132488144155369,0.0275616691316969
"134",0.05,18,0.1,1,0,0.5,210,0.832460986627355,0.649794795871624,0.013300317941754,0.0276039259191762
"136",0.05,18,0.1,1,0,1,210,0.824761903860038,0.633354887050011,0.0117525288731568,0.0244997743922439
"138",0.05,18,0.1,1,1,0.5,210,0.831297750183543,0.647338022838052,0.0128415208436828,0.0266349110180508
"140",0.05,18,0.1,1,1,1,210,0.825616322682991,0.635095370883141,0.0131284790307129,0.0272754179389594
"142",0.05,18,0.1,1,2,0.5,210,0.831296908056514,0.647150641724814,0.0115717726997736,0.0241469610506079
"144",0.05,18,0.1,1,2,1,210,0.825992707758562,0.636062640867365,0.0127767308286157,0.0265309818960133
"290",0.3,18,0,0.75,0,0.5,210,0.825445558159605,0.634736973881084,0.0126050211790372,0.0262241576775809
"292",0.3,18,0,0.75,0,1,210,0.830681278313766,0.645389435003049,0.0128475447603824,0.0266309322825439
"294",0.3,18,0,0.75,1,0.5,210,0.819526324685676,0.622826893369615,0.0104569558437235,0.0216020556616518
"296",0.3,18,0,0.75,1,1,210,0.827292519970079,0.639207109581954,0.0132628018490044,0.0272443143014577
"298",0.3,18,0,0.75,2,0.5,210,0.81719816797689,0.618477272262155,0.0118449384404215,0.0246602913257084
"300",0.3,18,0,0.75,2,1,210,0.825069209699821,0.634477754630552,0.0110149296192266,0.0227135329737772
"302",0.3,18,0,1,0,0.5,210,0.830236202129751,0.644679400789727,0.0117837579466997,0.0246862649959617
"304",0.3,18,0,1,0,1,210,0.831366653555329,0.647213637310587,0.0131935381371206,0.0273131438071401
"306",0.3,18,0,1,1,0.5,210,0.826472076773674,0.637484606307196,0.011585655558082,0.0231271195924362
"308",0.3,18,0,1,1,1,210,0.828011908896964,0.640671522780505,0.0113100125515449,0.0237351586957463
"310",0.3,18,0,1,2,0.5,210,0.821577395555857,0.627492274524185,0.0129691508001774,0.0269810654078477
"312",0.3,18,0,1,2,1,210,0.826985425599994,0.63862952829703,0.0101235922646106,0.0212328113912191
"314",0.3,18,0.01,0.75,0,0.5,210,0.823358614207535,0.63049930837598,0.0116690275021286,0.0239253997235565
"316",0.3,18,0.01,0.75,0,1,210,0.829517937289494,0.643447913285505,0.0130345812242237,0.0268218354573223
"318",0.3,18,0.01,0.75,1,0.5,210,0.820483940721602,0.62473377850292,0.0131538761602167,0.0273191206170555
"320",0.3,18,0.01,0.75,1,1,210,0.82705517102666,0.638263844493119,0.0130008606602784,0.0270148412250933
"322",0.3,18,0.01,0.75,2,0.5,210,0.816138199091651,0.616209471538955,0.0128014856755868,0.0266098920056732
"324",0.3,18,0.01,0.75,2,1,210,0.82578754481353,0.635820242021891,0.0124673794062228,0.025762179376562
"326",0.3,18,0.01,1,0,0.5,210,0.828490855189125,0.641490454432046,0.0147593337862361,0.0304399071676429
"328",0.3,18,0.01,1,0,1,210,0.831092271837696,0.646888244854455,0.0113162830475712,0.0236521513281859
"330",0.3,18,0.01,1,1,0.5,210,0.824008573757913,0.632591317082987,0.0143386957383494,0.0298130160213421
"332",0.3,18,0.01,1,1,1,210,0.829346189514981,0.643407141857335,0.0119898261779194,0.0248207434634598
"334",0.3,18,0.01,1,2,0.5,210,0.821168474124732,0.6265472129685,0.0121166765628819,0.0250377327477385
"336",0.3,18,0.01,1,2,1,210,0.827224987543868,0.63921327901562,0.00881643008399239,0.018005708049376
"338",0.3,18,0.1,0.75,0,0.5,210,0.821339590087526,0.626312563449614,0.0114724195033891,0.0240465812288204
"340",0.3,18,0.1,0.75,0,1,210,0.826438311173838,0.637096895664888,0.0111004208349278,0.0230520994228935
"342",0.3,18,0.1,0.75,1,0.5,210,0.818910484122574,0.62166765466514,0.0133779104665694,0.0272808454580714
"344",0.3,18,0.1,0.75,1,1,210,0.827122457531865,0.638617443109477,0.0124089251614984,0.0255179615312114
"346",0.3,18,0.1,0.75,2,0.5,210,0.817404524704807,0.61868613083964,0.0128423728554466,0.0269594595472973
"348",0.3,18,0.1,0.75,2,1,210,0.823973577759405,0.631988399783803,0.0112879922270082,0.0233749711141499
"350",0.3,18,0.1,1,0,0.5,210,0.826335430299622,0.636893338326509,0.0117190709357099,0.0242422013081832
"352",0.3,18,0.1,1,0,1,210,0.825480308814302,0.63515774689735,0.0110092232828081,0.0224380380861009
"354",0.3,18,0.1,1,1,0.5,210,0.822503668081172,0.629235713249087,0.0125388167088026,0.0260871942345742
"356",0.3,18,0.1,1,1,1,210,0.82643799497938,0.637311195309834,0.0112377000140548,0.0232647867285657
"358",0.3,18,0.1,1,2,0.5,210,0.820175090669617,0.62421915380188,0.0126968441071931,0.0260163576101601
"360",0.3,18,0.1,1,2,1,210,0.825889195794119,0.63627071318873,0.0121314321441992,0.024951453495516
"506",1,18,0,0.75,0,0.5,210,0.805463669734835,0.592541235653143,0.012166509154598,0.025138657503804
"508",1,18,0,0.75,0,1,210,0.822606057257676,0.628833966334908,0.0124258942312528,0.0257720989617299
"510",1,18,0,0.75,1,0.5,210,0.792218893107641,0.566968875382637,0.0149879090016038,0.0314585808230852
"512",1,18,0,0.75,1,1,210,0.816788473393499,0.617593362093897,0.0134575236921867,0.0281592858018618
"514",1,18,0,0.75,2,0.5,210,0.787666652038389,0.556880419544239,0.0121969442215979,0.0247965664737306
"516",1,18,0,0.75,2,1,210,0.810456526319437,0.604011203749983,0.0122593278383755,0.0259255953878238
"518",1,18,0,1,0,0.5,210,0.812613355956479,0.608185746458446,0.0160660413758632,0.0335180339903303
"520",1,18,0,1,0,1,210,0.829380973322297,0.643708607304172,0.0129660311641023,0.0269953834253399
"522",1,18,0,1,1,0.5,210,0.796769447541906,0.575801195384103,0.0113301511379167,0.0232615357576373
"524",1,18,0,1,1,1,210,0.821545104111219,0.627421363476687,0.0129392920350741,0.0271943692574275
"526",1,18,0,1,2,0.5,210,0.793210555765059,0.568587567792191,0.011856657920335,0.0242971633014859
"528",1,18,0,1,2,1,210,0.816719500974801,0.617738373377659,0.0105095739721173,0.0215642051404438
"530",1,18,0.01,0.75,0,0.5,210,0.799473882437025,0.581201651812197,0.0123098200931863,0.0260645867780486
"532",1,18,0.01,0.75,0,1,210,0.817575289588939,0.618351724614713,0.0127728185949646,0.0264560780579838
"534",1,18,0.01,0.75,1,0.5,210,0.794956075539415,0.571923194914863,0.0124865647306014,0.0262440510833956
"536",1,18,0.01,0.75,1,1,210,0.815418354794243,0.614544694891336,0.0128500935909981,0.0268044701698174
"538",1,18,0.01,0.75,2,0.5,210,0.786776604683715,0.555235552831248,0.0130956875135535,0.0269414479827412
"540",1,18,0.01,0.75,2,1,210,0.813707828781766,0.611155910582058,0.0128201978732299,0.0261068473232867
"542",1,18,0.01,1,0,0.5,210,0.807958903017713,0.598792644272949,0.010483678829179,0.0215732274927057
"544",1,18,0.01,1,0,1,210,0.821851741234898,0.628128980210342,0.0136672430065796,0.0283300859494509
"546",1,18,0.01,1,1,0.5,210,0.796152060457823,0.57373015221656,0.0126980058805637,0.0265349953109821
"548",1,18,0.01,1,1,1,210,0.820414686631903,0.624788761091762,0.0128953939827742,0.0267038467001507
"550",1,18,0.01,1,2,0.5,210,0.793040107147533,0.568480795345986,0.0108173039929935,0.0229036100145938
"552",1,18,0.01,1,2,1,210,0.815692736367577,0.615284284072082,0.0102706738146009,0.0211387186583787
"554",1,18,0.1,0.75,0,0.5,210,0.795983227336041,0.574351027866389,0.00950246451219591,0.0201522114404503
"556",1,18,0.1,0.75,0,1,210,0.809567286207589,0.601950830665157,0.0130750946523552,0.0265519535593192
"558",1,18,0.1,0.75,1,0.5,210,0.790713179105834,0.563192274088799,0.0126991478141674,0.0267636035763998
"560",1,18,0.1,0.75,1,1,210,0.812271756924853,0.607829988528868,0.0114175966605633,0.0237884787092708
"562",1,18,0.1,0.75,2,0.5,210,0.7859562681601,0.55318478327526,0.0117559023502554,0.024593895641255
"564",1,18,0.1,0.75,2,1,210,0.812237217018361,0.608040079804054,0.0112927820876691,0.0231503692481726
"566",1,18,0.1,1,0,0.5,210,0.799198516674622,0.580411074470484,0.0145780056783685,0.0308660566824952
"568",1,18,0.1,1,0,1,210,0.813468935048951,0.610219840997617,0.0125200544840717,0.0260885037978266
"570",1,18,0.1,1,1,0.5,210,0.799609685341061,0.581539758259596,0.0140934510086315,0.0304648922366548
"572",1,18,0.1,1,1,1,210,0.813161277697611,0.609972683176704,0.0138810110584464,0.0285136008818052
"574",1,18,0.1,1,2,0.5,210,0.791705193924153,0.565648876067421,0.0112742428108385,0.0235238660387785
"576",1,18,0.1,1,2,1,210,0.810732592940473,0.604708546894256,0.0114450755903941,0.0234016651547954
"146",0.05,22,0,0.75,0,0.5,210,0.828560672765125,0.640976798891213,0.0134097574523,0.0279241425917394
"148",0.05,22,0,0.75,0,1,210,0.82698584659136,0.637567411959447,0.011502396949029,0.0239572016302746
"150",0.05,22,0,0.75,1,0.5,210,0.829073211679094,0.64232351821553,0.0131833958433738,0.0271124472685233
"152",0.05,22,0,0.75,1,1,210,0.82961955237579,0.643649124403037,0.0130440258797111,0.0267560267203418
"154",0.05,22,0,0.75,2,0.5,210,0.827602353922535,0.63927723449158,0.0113474979295471,0.0230703988253344
"156",0.05,22,0,0.75,2,1,210,0.830030897555575,0.64435176091886,0.0118441060095195,0.0246465094654597
"158",0.05,22,0,1,0,0.5,210,0.833624468126381,0.651954918748998,0.0105601198642847,0.0216047561614232
"160",0.05,22,0,1,0,1,210,0.826335324925519,0.636862967811901,0.0117804865188614,0.0246964390777745
"162",0.05,22,0,1,1,0.5,210,0.833419234835748,0.651539820199639,0.0121885965080952,0.0249995853492889
"164",0.05,22,0,1,1,1,210,0.827019261328983,0.638232966394598,0.0137064832917572,0.0284024369481386
"166",0.05,22,0,1,2,0.5,210,0.830886089602944,0.646348209531782,0.0117470963484561,0.0242275835604734
"168",0.05,22,0,1,2,1,210,0.825992672585762,0.63633405882417,0.0108212875606191,0.0223909563174919
"170",0.05,22,0.01,0.75,0,0.5,210,0.830441822032592,0.64511885413162,0.0120971920090472,0.0255077838329105
"172",0.05,22,0.01,0.75,0,1,210,0.827019472798682,0.637714938904917,0.0125007582375123,0.0264604501153771
"174",0.05,22,0.01,0.75,1,0.5,210,0.828800165157041,0.64161263941711,0.0109920355466949,0.0224157125719694
"176",0.05,22,0.01,0.75,1,1,210,0.82787526148497,0.639899346632308,0.0111829070179717,0.0228879299210648
"178",0.05,22,0.01,0.75,2,0.5,210,0.827087953952563,0.638049345905285,0.0107837267277554,0.0224660606047463
"180",0.05,22,0.01,0.75,2,1,210,0.830098957357345,0.644463391777151,0.0121870925920094,0.0255662237549608
"182",0.05,22,0.01,1,0,0.5,210,0.834582505225821,0.654081745939753,0.0122793100084645,0.0251634543756812
"184",0.05,22,0.01,1,0,1,210,0.826438240611789,0.637044079391498,0.0110850551867726,0.0228970188958981
"186",0.05,22,0.01,1,1,0.5,210,0.831330710416436,0.647239711783333,0.0118361425583104,0.0243154586823436
"188",0.05,22,0.01,1,1,1,210,0.826882508759335,0.637999440480969,0.0121742617167021,0.0251381441614065
"190",0.05,22,0.01,1,2,0.5,210,0.830133742968393,0.64486941045132,0.0122953001959138,0.0253263226452425
"192",0.05,22,0.01,1,2,1,210,0.82664270147165,0.637528321657802,0.0111587996175616,0.0229357562348484
"194",0.05,22,0.1,0.75,0,0.5,210,0.828526309083383,0.640982257814182,0.0116757509747446,0.0242799095023757
"196",0.05,22,0.1,0.75,0,1,210,0.827055064714616,0.638045110446304,0.0145586417005469,0.0305412684223607
"198",0.05,22,0.1,0.75,1,0.5,210,0.826883914300516,0.63762526091862,0.0114534913783862,0.0236030316285119
"200",0.05,22,0.1,0.75,1,1,210,0.828012364267487,0.640060480834683,0.0134334345103625,0.027978900334661
"202",0.05,22,0.1,0.75,2,0.5,210,0.828491207855071,0.64124864008877,0.0107805046757785,0.0227039162343388
"204",0.05,22,0.1,0.75,2,1,210,0.828764711695679,0.641622482291946,0.0109907397974991,0.0227647361887
"206",0.05,22,0.1,1,0,0.5,210,0.832906379510873,0.650648019066187,0.0120619195126151,0.0248848477585016
"208",0.05,22,0.1,1,0,1,210,0.825993269008234,0.635787016614618,0.011546275353809,0.0239610604015905
"210",0.05,22,0.1,1,1,0.5,210,0.832049817383722,0.648640861673037,0.0112367773074785,0.0229031601323786
"212",0.05,22,0.1,1,1,1,210,0.826950885116308,0.638125699169143,0.0126098046953571,0.0261642401857244
"214",0.05,22,0.1,1,2,0.5,210,0.829962205364891,0.644431131865427,0.0126314380980185,0.0263768581446246
"216",0.05,22,0.1,1,2,1,210,0.827327023405082,0.638912761096902,0.01206627798892,0.0246203988756402
"362",0.3,22,0,0.75,0,0.5,210,0.825241168006092,0.634424430084541,0.0118190376941435,0.0243445139557544
"364",0.3,22,0,0.75,0,1,210,0.828148871565473,0.640221357128923,0.011449415356784,0.0237547314172879
"366",0.3,22,0,0.75,1,0.5,210,0.818532870019168,0.62068919449002,0.0143920528318032,0.0296536008090723
"368",0.3,22,0,0.75,1,1,210,0.827498245319172,0.639234252892044,0.0111883708384847,0.0230695874139824
"370",0.3,22,0,0.75,2,0.5,210,0.817403296542764,0.618437880929859,0.0116831979189129,0.0237881568389235
"372",0.3,22,0,0.75,2,1,210,0.825479571051285,0.635797556403411,0.0113496759948935,0.0235480914514197
"374",0.3,22,0,1,0,0.5,210,0.830134094119203,0.644675710285142,0.0117100111309392,0.0239998537451529
"376",0.3,22,0,1,0,1,210,0.830373339796471,0.645011750966483,0.0124584963008215,0.0259247823547916
"378",0.3,22,0,1,1,0.5,210,0.823665288596345,0.631756679048086,0.012050836952271,0.024884451062386
"380",0.3,22,0,1,1,1,210,0.82941491644557,0.643543350302748,0.0106964475951315,0.0222371424051947
"382",0.3,22,0,1,2,0.5,210,0.82335938743195,0.631445395809411,0.0113768339330051,0.0231334690616815
"384",0.3,22,0,1,2,1,210,0.828421743305764,0.641580920438859,0.0126238037334518,0.026136992395176
"386",0.3,22,0.01,0.75,0,0.5,210,0.825411722214169,0.6350015912371,0.011371497316319,0.0234681278534212
"388",0.3,22,0.01,0.75,0,1,210,0.828834070943034,0.642131012043115,0.0116155678293999,0.0240427936715248
"390",0.3,22,0.01,0.75,1,0.5,210,0.81904758805948,0.621767529905044,0.0137508250765224,0.0285329162644442
"392",0.3,22,0.01,0.75,1,1,210,0.826472252709825,0.637442780799924,0.0114370120448949,0.0237739523097184
"394",0.3,22,0.01,0.75,2,0.5,210,0.817677257413331,0.618981621188309,0.0101532424580656,0.0206104683700736
"396",0.3,22,0.01,0.75,2,1,210,0.824520621118467,0.633107607964482,0.0123166302119158,0.0255934837352774
"398",0.3,22,0.01,1,0,0.5,210,0.831228004684728,0.647153383456693,0.0143280445598405,0.0294130233354481
"400",0.3,22,0.01,1,0,1,210,0.830954922340531,0.646241569309407,0.0120922224311569,0.0248769833795737
"402",0.3,22,0.01,1,1,0.5,210,0.824214474105216,0.632878014335513,0.013636252975339,0.0286154653715301
"404",0.3,22,0.01,1,1,1,210,0.830270565450747,0.645357330015466,0.0122013799675718,0.0252455824971168
"406",0.3,22,0.01,1,2,0.5,210,0.820825890904038,0.625537904280123,0.0125785518931664,0.0260272575484207
"408",0.3,22,0.01,1,2,1,210,0.827497858995562,0.63959802203177,0.00996596489789647,0.0203020928914535
"410",0.3,22,0.1,0.75,0,0.5,210,0.819286236304185,0.622209726415733,0.0116388241942486,0.0239935826812559
"412",0.3,22,0.1,0.75,0,1,210,0.824726837948826,0.633474061060844,0.0118744275440482,0.0244985042228522
"414",0.3,22,0.1,0.75,1,0.5,210,0.819730786699927,0.623487926484681,0.0098148967746279,0.0200031638960084
"416",0.3,22,0.1,0.75,1,1,210,0.824315599008935,0.632782780748236,0.0127087369564231,0.0265305553539924
"418",0.3,22,0.1,0.75,2,0.5,210,0.814323704734116,0.612406841340354,0.0109276291477887,0.0224869297324679
"420",0.3,22,0.1,0.75,2,1,210,0.824589383294006,0.633614765524397,0.0113274311466041,0.0232858358298163
"422",0.3,22,0.1,1,0,0.5,210,0.827464337729446,0.639565882798245,0.011659663077752,0.0241873949280557
"424",0.3,22,0.1,1,0,1,210,0.824487802803315,0.632880817162954,0.00956567417126193,0.0196167078710002
"426",0.3,22,0.1,1,1,0.5,210,0.824350980465261,0.633303302383697,0.0135302662540681,0.0278341910851541
"428",0.3,22,0.1,1,1,1,210,0.826814730700716,0.638028806810253,0.0118647224775033,0.0245113094655348
"430",0.3,22,0.1,1,2,0.5,210,0.820586891219926,0.625578245685581,0.0136788070911497,0.0281861228996892
"432",0.3,22,0.1,1,2,1,210,0.826745546884468,0.637930762227988,0.0100392089954069,0.0206880327601139
"578",1,22,0,0.75,0,0.5,210,0.807034807887156,0.596178160867592,0.0125143323265244,0.0256110937932442
"580",1,22,0,0.75,0,1,210,0.820655969229175,0.624663673398189,0.0117227706786352,0.0241844463235423
"582",1,22,0,0.75,1,0.5,210,0.789925450509913,0.561483655501255,0.014359668435223,0.0293477954284546
"584",1,22,0,0.75,1,1,210,0.817918399680148,0.619955914815326,0.0107650693202417,0.0225342677139642
"586",1,22,0,0.75,2,0.5,210,0.787290901011167,0.555873834618155,0.0125850913872379,0.0269792503053854
"588",1,22,0,0.75,2,1,210,0.816001377042194,0.616194785515416,0.0128578680719332,0.0262467455678386
"590",1,22,0,1,0,0.5,210,0.814665901342604,0.612436178271859,0.0143848242255957,0.0303168533676531
"592",1,22,0,1,0,1,210,0.829826015199303,0.644276809881953,0.0122101993752152,0.0253533599637325
"594",1,22,0,1,1,0.5,210,0.797386164827643,0.57707657007374,0.0138662824400786,0.0286322710363473
"596",1,22,0,1,1,1,210,0.821066261172978,0.626587014059239,0.0141001126239377,0.0291416458054293
"598",1,22,0,1,2,0.5,210,0.791328494962903,0.565127789531789,0.0127424917679643,0.026520359549608
"600",1,22,0,1,2,1,210,0.81894365308349,0.621742392889106,0.0114112737911268,0.0237757179181407
"602",1,22,0.01,0.75,0,0.5,210,0.801834436108852,0.586129511377879,0.0138711415814536,0.0292692446832229
"604",1,22,0.01,0.75,0,1,210,0.816035599094793,0.615370555467208,0.0133126739226361,0.0271595280765421
"606",1,22,0.01,0.75,1,0.5,210,0.789172716830259,0.560331458014606,0.0133499433144885,0.0278779864436855
"608",1,22,0.01,0.75,1,1,210,0.815932965945316,0.615817524126718,0.0109345551521609,0.0224325899723883
"610",1,22,0.01,0.75,2,0.5,210,0.787667110078438,0.556383156845536,0.0126616240945796,0.0262337358017226
"612",1,22,0.01,0.75,2,1,210,0.813297922872975,0.61049038082231,0.0132433871437862,0.0272240045548377
"614",1,22,0.01,1,0,0.5,210,0.806933437351029,0.596555173962275,0.0161420515271396,0.0336941886636103
"616",1,22,0.01,1,0,1,210,0.822640103879169,0.629025355054069,0.0141226520216933,0.0293704438534694
"618",1,22,0.01,1,1,0.5,210,0.799679641588081,0.581978515892173,0.0121574734301903,0.0249502965134285
"620",1,22,0.01,1,1,1,210,0.821716043993562,0.627751736054503,0.012666936016486,0.0263547091587289
"622",1,22,0.01,1,2,0.5,210,0.792321526690014,0.567173972208296,0.0137827227334327,0.027986642271713
"624",1,22,0.01,1,2,1,210,0.819012380230527,0.622059623919136,0.0115244665517023,0.0235803256032363
"626",1,22,0.1,0.75,0,0.5,210,0.794031945813253,0.570239426048356,0.0155142843982178,0.0320257598360014
"628",1,22,0.1,0.75,0,1,210,0.812921855362699,0.609169828835809,0.011936650883252,0.0247372112010838
"630",1,22,0.1,0.75,1,0.5,210,0.787872588785032,0.557064915816811,0.0126213339028414,0.0256141187067325
"632",1,22,0.1,0.75,1,1,210,0.808746141936103,0.600572285201686,0.0116782447697176,0.0243857827944796
"634",1,22,0.1,0.75,2,0.5,210,0.785340777593418,0.552228346489624,0.0149878766587444,0.0309935316503523
"636",1,22,0.1,0.75,2,1,210,0.811586345283951,0.606258280134461,0.0143732459718988,0.0295608506192701
"638",1,22,0.1,1,0,0.5,210,0.801834681308364,0.585795855126875,0.0133101988755096,0.0276764666592902
"640",1,22,0.1,1,0,1,210,0.813674659676551,0.610613687265965,0.0114140830511373,0.0236023899102142
"642",1,22,0.1,1,1,0.5,210,0.797557211238478,0.577522134727749,0.0147381635107829,0.0295810392828372
"644",1,22,0.1,1,1,1,210,0.81541884605906,0.614788129669066,0.0112249004376623,0.0231160815259494
"646",1,22,0.1,1,2,0.5,210,0.794682221125192,0.571700845204163,0.0130354038054939,0.0269036221128906
"648",1,22,0.1,1,2,1,210,0.813367774972431,0.610688984503906,0.0115726376035964,0.0238614185065541
